{"cameraMode":{"drawMode":0,"name":"Shaded","section":"Shading Mode"},"sceneLighting":true,"audioPlay":false,"sceneViewState":{"m_AlwaysRefresh":false,"showFog":true,"showSkybox":true,"showFlares":true,"showImageEffects":true,"showParticleSystems":true,"showVisualEffectGraphs":true,"m_FxEnabled":true},"in2DMode":false,"pivot":{"x":15.191906929016114,"y":80.09494018554688,"z":-166.1876983642578},"rotation":{"x":-0.24233505129814149,"y":-0.016883008182048799,"z":0.004217616748064756,"w":-0.9700371026992798},"size":-80.14451599121094,"orthographic":false}